{"position":[0.899999976158142,1.24000000953674,-0.119999997317791],"rotation":[0.0,-0.707106828689575,0.0,0.707106828689575]}