{"position":[-0.189999997615814,1.24000000953674,1.36000001430511],"rotation":[0.0,-0.707106828689575,0.0,0.707106828689575]}