{"position":[-342.700012207031,8.27931022644043,261.700012207031],"rotation":[0.0,-0.803138554096222,0.0,0.595792353153229]}