{"position":[-597.1689453125,5.13930892944336,-485.623107910156],"rotation":[0.0,-0.922210216522217,0.0,-0.386689037084579]}