{"position":[-764.268920898438,11.1293106079102,-274.223114013672],"rotation":[0.0,-0.98571503162384,0.0,-0.168421939015388]}