{"position":[4.98999977111816,23.0799999237061,443.200012207031],"rotation":[0.0,-0.707106828689575,0.0,0.707106828689575]}