{"position":[4.98999977111816,8.10000038146973,1.77999997138977],"rotation":[0.0,-0.707106828689575,0.0,0.707106828689575]}