{"position":[-42.0299987792969,23.5,279.630004882813],"rotation":[0.0,1.0,0.0,0.0]}