{"position":[4.98999977111816,12.5699996948242,173.570007324219],"rotation":[0.0,-0.707106828689575,0.0,0.707106828689575]}