{"position":[4.98999977111816,23.0799999237061,294.880004882813],"rotation":[0.0,-0.707106828689575,0.0,0.707106828689575]}