{"position":[-43.4599990844727,23.5,376.739990234375],"rotation":[0.0,1.0,0.0,0.0]}