{"position":[-262.456604003906,-2.15199995040894,267.897796630859],"rotation":[0.0,0.0,0.0,1.0]}