{"position":[-262.492919921875,-2.26199531555176,267.915649414063],"rotation":[0.0,0.0,0.0,1.0]}