{"position":[-267.700012207031,-2.26199531555176,260.799987792969],"rotation":[0.0,0.0,0.0,1.0]}