{"position":[-19.1760349273682,1.78813934326172E-07,-17.8396053314209],"rotation":[0.0,0.988270938396454,0.0,-0.152710974216461]}