{"position":[-294.648376464844,8.18404865264893,345.771453857422],"rotation":[0.0,0.704144239425659,0.0,0.710056960582733]}