{"position":[-508.942474365234,26.7534999847412,164.089309692383],"rotation":[0.0,-0.132327929139137,0.0,0.991206049919128]}