{"position":[-262.476806640625,-2.17599987983704,267.897644042969],"rotation":[0.0,0.0,0.0,1.0]}