{"position":[-514.784423828125,26.7631874084473,164.169357299805],"rotation":[0.0,0.0805228725075722,0.0,0.996752798557281]}