{"position":[-0.00947132986038923,0.0991973876953125,-0.0372512713074684],"rotation":[-9.38483957213521E-09,-0.524257481098175,7.32214422427546E-09,0.851559817790985]}