{"position":[-263.793579101563,-2.16999983787537,267.787048339844],"rotation":[0.0,0.0,0.0,1.0]}