{"position":[-285.227386474609,12.5307922363281,345.623626708984],"rotation":[0.0,-0.710529625415802,0.0,0.703667283058167]}