{"position":[-238.210006713867,53.2811698913574,-2.61999988555908],"rotation":[0.0,0.0,0.0,1.0]}