{"position":[-262.482604980469,-2.19904017448425,267.889068603516],"rotation":[0.0,0.0,0.0,1.0]}