{"position":[-2.73392868041992,2.88999938964844,-60.9787521362305],"rotation":[0.0,0.999985337257385,0.0,-0.00541680864989758]}