{"position":[-16.139123916626,0.0300002694129944,-18.0797710418701],"rotation":[0.0,-0.838993072509766,0.0,0.544142127037048]}