{"position":[-262.468780517578,-2.17599987983704,267.897796630859],"rotation":[0.0,0.0,0.0,1.0]}