{"position":[-490.899993896484,26.7822856903076,15.0731372833252],"rotation":[0.0,-0.714797139167786,0.0,0.699331939220428]}