{"position":[-294.552978515625,8.70411396026611,346.225219726563],"rotation":[0.0,0.711859822273254,0.0,0.702321588993073]}