{"position":[-2.7333984375,2.88999938964844,-60.929759979248],"rotation":[0.0,0.999985873699188,0.0,-0.00531883910298347]}