{"position":[-2.73173141479492,5.28991222381592,-60.7676315307617],"rotation":[0.0,0.847175598144531,0.0,0.531313061714172]}