{"position":[-6.31613111495972,1.19209289550781E-07,4.90886211395264],"rotation":[0.0,-0.0854171141982079,0.0,0.996345281600952]}