{"position":[67.1588745117188,2.38418579101563E-07,72.1463623046875],"rotation":[0.0,0.997783124446869,0.0,0.0665499716997147]}