{"position":[-10.1605129241943,2.38418579101563E-07,13.2273807525635],"rotation":[0.0,0.80506694316864,0.0,0.593183994293213]}