{"position":[-490.868530273438,29.802827835083,13.5959739685059],"rotation":[0.0,-0.732963383197784,0.0,0.680268108844757]}