{"position":[-262.482574462891,-2.15199995040894,267.888763427734],"rotation":[0.0,0.0,0.0,1.0]}