{"position":[-512.812561035156,26.754358291626,163.987945556641],"rotation":[0.0,0.41766357421875,0.0,0.908601760864258]}