{"position":[-285.007507324219,6.36833190917969,342.954071044922],"rotation":[0.0,-0.252588331699371,0.0,0.967573881149292]}