{"position":[-24.2337493896484,0.0299999117851257,-17.8415088653564],"rotation":[0.0,0.9982750415802,0.0,0.058711189776659]}