{"position":[-8.12081623077393,0.0299999713897705,4.94124460220337],"rotation":[0.0,-0.153476640582085,0.0,0.988152325153351]}