{"position":[-500.377197265625,22.4802360534668,18.0039253234863],"rotation":[0.0,0.753249526023865,0.0,0.657734870910645]}