{"position":[-2.73300170898438,2.88999938964844,-60.8920478820801],"rotation":[0.0,0.999986290931702,0.0,-0.00524343410506845]}