{"position":[-262.481140136719,-2.15199995040894,267.897827148438],"rotation":[0.0,0.0,0.0,1.0]}