{"position":[-16.2155895233154,0.0300002694129944,-17.9389152526855],"rotation":[0.0,0.964670240879059,0.0,-0.26346030831337]}