{"position":[-206.375854492188,28.4385204315186,116.304649353027],"rotation":[0.0,-0.739870727062225,0.0,0.672749042510986]}