{"position":[-294.689086914063,10.0002403259277,345.903839111328],"rotation":[0.0,0.702810287475586,0.0,0.711377382278442]}