{"position":[-2.77355575561523,6.13988590240479,-63.5209693908691],"rotation":[0.0,0.999949753284454,0.0,-0.0100241862237453]}