{"position":[-81.0599975585938,12.8199996948242,138.959991455078],"rotation":[0.0,-0.707106828689575,0.0,0.707106828689575]}