{"position":[-229.800003051758,51.8600006103516,0.170000001788139],"rotation":[0.0,0.0,0.0,1.0]}