{"position":[-236.830001831055,54.8199996948242,0.0],"rotation":[0.0,-0.707106828689575,0.0,0.707106828689575]}