{"position":[-139.399993896484,51.7999992370605,0.0],"rotation":[0.0,-0.707106828689575,0.0,0.707106828689575]}