{"position":[-289.920013427734,8.75,345.600006103516],"rotation":[0.0,-0.714315831661224,0.0,0.699823498725891]}