{"position":[-210.600006103516,33.2000007629395,118.76000213623],"rotation":[0.0,-0.707106828689575,0.0,0.707106828689575]}