{"position":[-70.3199996948242,56.2000007629395,0.0],"rotation":[0.0,-0.707106828689575,0.0,0.707106828689575]}