{"position":[-495.519989013672,27.0900001525879,13.1899995803833],"rotation":[0.0,-0.714315831661224,0.0,0.699823498725891]}