{"position":[-504.0,29.8500003814697,168.869995117188],"rotation":[0.0,0.0,0.0,1.0]}