{"position":[-16.4295768737793,0.0299990177154541,-21.1501483917236],"rotation":[-2.5029294192791E-09,0.364712119102478,-2.56113708019257E-09,0.9311203956604]}