{"position":[-28.2810287475586,0.0299974083900452,-17.8417339324951],"rotation":[-8.14907252788544E-10,-0.840654611587524,-4.65661287307739E-10,0.541571736335754]}