{"position":[-21.5748023986816,2.86210775375366,-19.5388050079346],"rotation":[0.0,-0.775278747081757,0.0,0.631619274616241]}