{"position":[-16.1801357269287,0.0299977660179138,-18.9780521392822],"rotation":[0.0,-0.774963140487671,0.0,0.632006466388702]}