{"position":[-22.9620304107666,0.0299999713897705,-20.8612575531006],"rotation":[0.0,0.0827924013137817,0.0,0.996566832065582]}