{"position":[-24.1224536895752,0.0300000309944153,-21.1067047119141],"rotation":[0.0,0.173271238803864,0.0,0.984874188899994]}