{"position":[-29.091646194458,2.94763255119324,-19.4213714599609],"rotation":[0.0,-0.807379901409149,0.0,0.590031921863556]}