{"position":[-26.2801456451416,0.0299999713897705,-20.9442043304443],"rotation":[0.0,0.296223491430283,0.0,0.955118656158447]}