{"position":[-27.0005416870117,0.0300000309944153,-21.1202373504639],"rotation":[0.0,-0.244285106658936,0.0,0.969703435897827]}