{"position":[-19.4921875,0.0300002098083496,-20.9401779174805],"rotation":[0.0,0.344325214624405,0.0,0.938850462436676]}