{"position":[-20.0162944793701,0.842431426048279,-21.0878677368164],"rotation":[0.0,0.295196533203125,0.0,0.955436587333679]}