{"position":[-22.2980556488037,0.0300000309944153,-21.1604270935059],"rotation":[0.0,0.427591681480408,0.0,0.903972029685974]}