{"position":[-23.3659992218018,0.0300000905990601,-20.9927787780762],"rotation":[0.0,0.423170357942581,0.0,0.906050145626068]}