{"position":[-21.4478492736816,0.0300001502037048,-21.1102714538574],"rotation":[0.0,-0.113552123308182,0.0,0.993532061576843]}