{"position":[-20.8738613128662,0.0300000309944153,-21.0191802978516],"rotation":[0.0,0.175504118204117,0.0,0.984478712081909]}