{"position":[-24.894401550293,0.0300000905990601,-21.0199851989746],"rotation":[0.0,0.094111405313015,0.0,0.995561718940735]}