{"position":[-17.9957447052002,0.0300000309944153,-21.0675430297852],"rotation":[0.0,-0.154276475310326,0.0,0.98802775144577]}