{"position":[-18.7201995849609,0.0299997925758362,-17.9010848999023],"rotation":[0.0,0.976846039295197,0.0,-0.213943615555763]}