{"position":[-421.088958740234,4.15930938720703,-676.950012207031],"rotation":[0.0,0.707106828689575,0.0,0.707106828689575]}