{"position":[-237.820007324219,54.6199989318848,0.0],"rotation":[0.0,-0.707106828689575,0.0,0.707106828689575]}