{"position":[82.3899993896484,56.2000007629395,0.0],"rotation":[0.0,-0.707106828689575,0.0,0.707106828689575]}