{"position":[-16.1059112548828,0.0299999713897705,-20.4400424957275],"rotation":[0.0,-0.642022848129272,0.0,0.766685545444489]}