{"position":[-504.0,29.8500003814697,160.100006103516],"rotation":[0.0,0.0,0.0,1.0]}