{"position":[-488.970062255859,27.0900001525879,13.1899995803833],"rotation":[0.0,-0.707106828689575,0.0,0.707106828689575]}