{"position":[-182.850006103516,28.9500007629395,6.73000001907349],"rotation":[0.0,-0.707106828689575,0.0,0.707106828689575]}