{"position":[4.23999977111816,33.2000007629395,7.82000017166138],"rotation":[0.0,-0.707106828689575,0.0,0.707106828689575]}