{"position":[-291.369995117188,8.75,345.600006103516],"rotation":[0.0,0.707106828689575,0.0,0.707106828689575]}