{"position":[-48.1800003051758,25.2100009918213,340.240020751953],"rotation":[0.0,0.707106828689575,0.0,0.707106828689575]}