{"position":[-294.700012207031,28.9500007629395,14.1899995803833],"rotation":[0.0,-0.707106828689575,0.0,0.707106828689575]}