{"position":[232.600006103516,35.060001373291,377.700012207031],"rotation":[0.0,0.716910600662231,0.0,0.697165191173553]}