{"position":[-67.6999969482422,22.0599994659424,122.0],"rotation":[0.0,-0.443853378295898,0.0,0.896099448204041]}