{"position":[44.6199989318848,31.4099998474121,275.880004882813],"rotation":[0.0,0.381796360015869,0.0,0.924246549606323]}