{"position":[-3.40000009536743,22.0599994659424,0.839999973773956],"rotation":[0.0,-0.707106828689575,0.0,0.707106828689575]}