{"position":[437.100006103516,43.5,521.900024414063],"rotation":[0.0,0.0,0.0,1.0]}