{"position":[-71.0,32.4199981689453,257.200012207031],"rotation":[0.0,0.707106828689575,0.0,0.707106828689575]}