{"position":[186.429992675781,35.060001373291,254.880004882813],"rotation":[0.0,0.381796360015869,0.0,0.924246549606323]}