{"position":[308.5,43.7999992370605,404.200012207031],"rotation":[0.0,0.0,0.0,1.0]}